filename,url,ext,uploaded,category,ba_group,ba_role
A-902-V1-2-scaled.jpeg,http://islandhouse.wales/wp-content/uploads/2020/10/A-902-V1-2-scaled.jpeg,jpeg,2020-10,aerial,,
A-902-V1-scaled.jpeg,http://islandhouse.wales/wp-content/uploads/2020/10/A-902-V1-scaled.jpeg,jpeg,2020-10,aerial,,
A-902-V2-2-scaled.jpeg,http://islandhouse.wales/wp-content/uploads/2020/10/A-902-V2-2-scaled.jpeg,jpeg,2020-10,aerial,,
A-902-V2-3-scaled.jpeg,http://islandhouse.wales/wp-content/uploads/2020/10/A-902-V2-3-scaled.jpeg,jpeg,2020-10,aerial,,
A-902-V2-scaled.jpeg,http://islandhouse.wales/wp-content/uploads/2020/10/A-902-V2-scaled.jpeg,jpeg,2020-10,aerial,,
A-902-V3-2-scaled.jpeg,http://islandhouse.wales/wp-content/uploads/2020/10/A-902-V3-2-scaled.jpeg,jpeg,2020-10,aerial,,
A-902-V3-scaled.jpeg,http://islandhouse.wales/wp-content/uploads/2020/10/A-902-V3-scaled.jpeg,jpeg,2020-10,aerial,,
A-902-V4-2-scaled.jpeg,http://islandhouse.wales/wp-content/uploads/2020/10/A-902-V4-2-scaled.jpeg,jpeg,2020-10,aerial,,
A-902-V4-scaled.jpeg,http://islandhouse.wales/wp-content/uploads/2020/10/A-902-V4-scaled.jpeg,jpeg,2020-10,aerial,,
A-902-V5-2-scaled.jpeg,http://islandhouse.wales/wp-content/uploads/2020/10/A-902-V5-2-scaled.jpeg,jpeg,2020-10,aerial,,
A-902-V5-scaled.jpeg,http://islandhouse.wales/wp-content/uploads/2020/10/A-902-V5-scaled.jpeg,jpeg,2020-10,aerial,,
A-902-V6-2-scaled.jpeg,http://islandhouse.wales/wp-content/uploads/2020/10/A-902-V6-2-scaled.jpeg,jpeg,2020-10,aerial,,
A-902-V6-3-scaled.jpeg,http://islandhouse.wales/wp-content/uploads/2020/10/A-902-V6-3-scaled.jpeg,jpeg,2020-10,aerial,,
A-902-V6-4-scaled.jpeg,http://islandhouse.wales/wp-content/uploads/2020/10/A-902-V6-4-scaled.jpeg,jpeg,2020-10,aerial,,
A-902-V6-scaled.jpeg,http://islandhouse.wales/wp-content/uploads/2020/10/A-902-V6-scaled.jpeg,jpeg,2020-10,aerial,,
DJI_20210105_115327_100_pano.jpg,http://islandhouse.wales/wp-content/uploads/2021/01/DJI_20210105_115327_100_pano.jpg,jpg,2021-01,aerial,,
DJI_20210105_115353_845_pano-scaled.jpg,http://islandhouse.wales/wp-content/uploads/2021/01/DJI_20210105_115353_845_pano-scaled.jpg,jpg,2021-01,aerial,,
Island-House-Aerial-1-2048x1152-1.png,http://islandhouse.wales/wp-content/uploads/2024/12/Island-House-Aerial-1-2048x1152-1.png,png,2024-12,aerial,,
Island-House-Aerial-1.png,http://islandhouse.wales/wp-content/uploads/2020/10/Island-House-Aerial-1.png,png,2020-10,aerial,,
Island-House-Aerial.png,http://islandhouse.wales/wp-content/uploads/2020/10/Island-House-Aerial.png,png,2020-10,aerial,,
Comparison-1-After-Work.jpg,http://islandhouse.wales/wp-content/uploads/2020/04/Comparison-1-After-Work.jpg,jpg,2020-04,before-after,1,after
Comparison-1-Before-Work-1.jpg,http://islandhouse.wales/wp-content/uploads/2020/04/Comparison-1-Before-Work-1.jpg,jpg,2020-04,before-after,1,before
Comparison-1-Before-Work.jpg,http://islandhouse.wales/wp-content/uploads/2020/04/Comparison-1-Before-Work.jpg,jpg,2020-04,before-after,1,before
Comparison-10-After-Work.jpg,http://islandhouse.wales/wp-content/uploads/2020/04/Comparison-10-After-Work.jpg,jpg,2020-04,before-after,10,after
Comparison-10-Before-Work.jpg,http://islandhouse.wales/wp-content/uploads/2020/04/Comparison-10-Before-Work.jpg,jpg,2020-04,before-after,10,before
Comparison-11-After-Work.jpg,http://islandhouse.wales/wp-content/uploads/2020/04/Comparison-11-After-Work.jpg,jpg,2020-04,before-after,11,after
Comparison-11-Before-Work.jpg,http://islandhouse.wales/wp-content/uploads/2020/04/Comparison-11-Before-Work.jpg,jpg,2020-04,before-after,11,before
Comparison-2-After-Work.jpg,http://islandhouse.wales/wp-content/uploads/2020/04/Comparison-2-After-Work.jpg,jpg,2020-04,before-after,2,after
Comparison-2-Before-Work.jpg,http://islandhouse.wales/wp-content/uploads/2020/04/Comparison-2-Before-Work.jpg,jpg,2020-04,before-after,2,before
Comparison-3-After-Work.jpg,http://islandhouse.wales/wp-content/uploads/2020/04/Comparison-3-After-Work.jpg,jpg,2020-04,before-after,3,after
Comparison-3-Before-Work.jpg,http://islandhouse.wales/wp-content/uploads/2020/04/Comparison-3-Before-Work.jpg,jpg,2020-04,before-after,3,before
Comparison-4-After-Work.jpg,http://islandhouse.wales/wp-content/uploads/2020/04/Comparison-4-After-Work.jpg,jpg,2020-04,before-after,4,after
Comparison-4-Before-Work.jpg,http://islandhouse.wales/wp-content/uploads/2020/04/Comparison-4-Before-Work.jpg,jpg,2020-04,before-after,4,before
Comparison-5-After-Work.jpg,http://islandhouse.wales/wp-content/uploads/2020/04/Comparison-5-After-Work.jpg,jpg,2020-04,before-after,5,after
Comparison-5-Before-Work.jpg,http://islandhouse.wales/wp-content/uploads/2020/04/Comparison-5-Before-Work.jpg,jpg,2020-04,before-after,5,before
Comparison-6-After-Work.jpg,http://islandhouse.wales/wp-content/uploads/2020/04/Comparison-6-After-Work.jpg,jpg,2020-04,before-after,6,after
Comparison-6-Before-Work.jpg,http://islandhouse.wales/wp-content/uploads/2020/04/Comparison-6-Before-Work.jpg,jpg,2020-04,before-after,6,before
Comparison-7-After-Work.jpg,http://islandhouse.wales/wp-content/uploads/2020/04/Comparison-7-After-Work.jpg,jpg,2020-04,before-after,7,after
Comparison-7-Before-Work.jpg,http://islandhouse.wales/wp-content/uploads/2020/04/Comparison-7-Before-Work.jpg,jpg,2020-04,before-after,7,before
Comparison-8-After-Work.jpg,http://islandhouse.wales/wp-content/uploads/2020/04/Comparison-8-After-Work.jpg,jpg,2020-04,before-after,8,after
Comparison-8-Before-Work.jpg,http://islandhouse.wales/wp-content/uploads/2020/04/Comparison-8-Before-Work.jpg,jpg,2020-04,before-after,8,before
Comparison-9-After-Work.jpg,http://islandhouse.wales/wp-content/uploads/2020/04/Comparison-9-After-Work.jpg,jpg,2020-04,before-after,9,after
Comparison-9-Before-Work.jpg,http://islandhouse.wales/wp-content/uploads/2020/04/Comparison-9-Before-Work.jpg,jpg,2020-04,before-after,9,before
Corporation-Map.jpg,http://islandhouse.wales/wp-content/uploads/2020/03/Corporation-Map.jpg,jpg,2020-03,brand/asset,,
Logo-Trans-Black-1.png,http://islandhouse.wales/wp-content/uploads/2020/03/Logo-Trans-Black-1.png,png,2020-03,brand/asset,,
Logo-Trans-Black.png,http://islandhouse.wales/wp-content/uploads/2020/03/Logo-Trans-Black.png,png,2020-03,brand/asset,,
Logo-Trans-White-1.png,http://islandhouse.wales/wp-content/uploads/2020/03/Logo-Trans-White-1.png,png,2020-03,brand/asset,,
Logo-Trans-White.png,http://islandhouse.wales/wp-content/uploads/2020/03/Logo-Trans-White.png,png,2020-03,brand/asset,,
corner-image-1.png,http://islandhouse.wales/wp-content/uploads/2020/03/corner-image-1.png,png,2020-03,brand/asset,,
corner-image.png,http://islandhouse.wales/wp-content/uploads/2020/03/corner-image.png,png,2020-03,brand/asset,,
map.jpg,http://islandhouse.wales/wp-content/uploads/2020/03/map.jpg,jpg,2020-03,brand/asset,,
Island-House-Ceramic-Building-material-report..docx,http://islandhouse.wales/wp-content/uploads/2021/01/Island-House-Ceramic-Building-material-report..docx,docx,2021-01,document,,
Island-House-Clay-Pipes-report.docx,http://islandhouse.wales/wp-content/uploads/2021/01/Island-House-Clay-Pipes-report.docx,docx,2021-01,document,,
Island-House-Pottery-report.docx,http://islandhouse.wales/wp-content/uploads/2021/01/Island-House-Pottery-report.docx,docx,2021-01,document,,
References-for-Island-House-pottery-report.docx,http://islandhouse.wales/wp-content/uploads/2021/01/References-for-Island-House-pottery-report.docx,docx,2021-01,document,,
Trench-1-table-of-fabrics.docx,http://islandhouse.wales/wp-content/uploads/2021/01/Trench-1-table-of-fabrics.docx,docx,2021-01,document,,
Trench-2-table-of-fabrics.doc,http://islandhouse.wales/wp-content/uploads/2021/01/Trench-2-table-of-fabrics.doc,doc,2021-01,document,,
Trenches-1-2-fabric-totals.docx,http://islandhouse.wales/wp-content/uploads/2021/01/Trenches-1-2-fabric-totals.docx,docx,2021-01,document,,
THE-PROPOSALS-ELEVATIONS.pdf_1.jpg,http://islandhouse.wales/wp-content/uploads/2022/02/THE-PROPOSALS-ELEVATIONS.pdf_1.jpg,jpg,2022-02,drawing,,
THE-PROPOSALS-FLOOR-PLANS-1.pdf_1.jpg,http://islandhouse.wales/wp-content/uploads/2022/02/THE-PROPOSALS-FLOOR-PLANS-1.pdf_1.jpg,jpg,2022-02,drawing,,
THE-PROPOSALS-FLOOR-PLANS-2.pdf_1.jpg,http://islandhouse.wales/wp-content/uploads/2022/02/THE-PROPOSALS-FLOOR-PLANS-2.pdf_1.jpg,jpg,2022-02,drawing,,
THE-PROPOSALS-SECTIONS.pdf_1.jpg,http://islandhouse.wales/wp-content/uploads/2022/02/THE-PROPOSALS-SECTIONS.pdf_1.jpg,jpg,2022-02,drawing,,
VISUAL-01.pdf_1.jpg,http://islandhouse.wales/wp-content/uploads/2022/02/VISUAL-01.pdf_1.jpg,jpg,2022-02,drawing,,
VISUAL-02.pdf_1.jpg,http://islandhouse.wales/wp-content/uploads/2022/02/VISUAL-02.pdf_1.jpg,jpg,2022-02,drawing,,
VISUAL-03.pdf_1.jpg,http://islandhouse.wales/wp-content/uploads/2022/02/VISUAL-03.pdf_1.jpg,jpg,2022-02,drawing,,
1-1-1-scaled.jpeg,http://islandhouse.wales/wp-content/uploads/2021/02/1-1-1-scaled.jpeg,jpeg,2021-02,general,,
1-1-1.jpeg,http://islandhouse.wales/wp-content/uploads/2022/11/1-1-1.jpeg,jpeg,2022-11,general,,
1-1-2-scaled.jpeg,http://islandhouse.wales/wp-content/uploads/2021/02/1-1-2-scaled.jpeg,jpeg,2021-02,general,,
1-1-scaled.jpeg,http://islandhouse.wales/wp-content/uploads/2021/01/1-1-scaled.jpeg,jpeg,2021-01,general,,
1-1-scaled.jpeg,http://islandhouse.wales/wp-content/uploads/2021/02/1-1-scaled.jpeg,jpeg,2021-02,general,,
1-1.jpeg,http://islandhouse.wales/wp-content/uploads/2022/11/1-1.jpeg,jpeg,2022-11,general,,
1-1.jpeg,http://islandhouse.wales/wp-content/uploads/2023/01/1-1.jpeg,jpeg,2023-01,general,,
1-2-1-scaled.jpeg,http://islandhouse.wales/wp-content/uploads/2021/02/1-2-1-scaled.jpeg,jpeg,2021-02,general,,
1-2-1.jpeg,http://islandhouse.wales/wp-content/uploads/2022/11/1-2-1.jpeg,jpeg,2022-11,general,,
1-2-scaled.jpeg,http://islandhouse.wales/wp-content/uploads/2021/01/1-2-scaled.jpeg,jpeg,2021-01,general,,
1-2-scaled.jpeg,http://islandhouse.wales/wp-content/uploads/2021/02/1-2-scaled.jpeg,jpeg,2021-02,general,,
1-2.jpeg,http://islandhouse.wales/wp-content/uploads/2022/11/1-2.jpeg,jpeg,2022-11,general,,
1-2.jpeg,http://islandhouse.wales/wp-content/uploads/2023/01/1-2.jpeg,jpeg,2023-01,general,,
1-3-1.jpeg,http://islandhouse.wales/wp-content/uploads/2022/11/1-3-1.jpeg,jpeg,2022-11,general,,
1-3-scaled.jpeg,http://islandhouse.wales/wp-content/uploads/2021/01/1-3-scaled.jpeg,jpeg,2021-01,general,,
1-3-scaled.jpeg,http://islandhouse.wales/wp-content/uploads/2022/11/1-3-scaled.jpeg,jpeg,2022-11,general,,
1-3.jpeg,http://islandhouse.wales/wp-content/uploads/2023/01/1-3.jpeg,jpeg,2023-01,general,,
1-4-1.jpeg,http://islandhouse.wales/wp-content/uploads/2022/11/1-4-1.jpeg,jpeg,2022-11,general,,
1-4-scaled.jpeg,http://islandhouse.wales/wp-content/uploads/2021/01/1-4-scaled.jpeg,jpeg,2021-01,general,,
1-4.jpeg,http://islandhouse.wales/wp-content/uploads/2022/11/1-4.jpeg,jpeg,2022-11,general,,
1-4.jpeg,http://islandhouse.wales/wp-content/uploads/2023/01/1-4.jpeg,jpeg,2023-01,general,,
1-5-1.jpeg,http://islandhouse.wales/wp-content/uploads/2022/11/1-5-1.jpeg,jpeg,2022-11,general,,
1-5.jpeg,http://islandhouse.wales/wp-content/uploads/2022/11/1-5.jpeg,jpeg,2022-11,general,,
1-5.jpeg,http://islandhouse.wales/wp-content/uploads/2023/01/1-5.jpeg,jpeg,2023-01,general,,
1-6-1.jpeg,http://islandhouse.wales/wp-content/uploads/2022/11/1-6-1.jpeg,jpeg,2022-11,general,,
1-6-scaled.jpeg,http://islandhouse.wales/wp-content/uploads/2022/11/1-6-scaled.jpeg,jpeg,2022-11,general,,
108695.jpg,http://islandhouse.wales/wp-content/uploads/2021/02/108695.jpg,jpg,2021-02,general,,
13NW0721.jpeg,http://islandhouse.wales/wp-content/uploads/2020/04/13NW0721.jpeg,jpeg,2020-04,general,,
13NW1220.jpeg,http://islandhouse.wales/wp-content/uploads/2020/04/13NW1220.jpeg,jpeg,2020-04,general,,
16NW0721.jpeg,http://islandhouse.wales/wp-content/uploads/2020/04/16NW0721.jpeg,jpeg,2020-04,general,,
16NW1220.jpeg,http://islandhouse.wales/wp-content/uploads/2020/04/16NW1220.jpeg,jpeg,2020-04,general,,
17SW0721.jpeg,http://islandhouse.wales/wp-content/uploads/2020/04/17SW0721.jpeg,jpeg,2020-04,general,,
17SW1220.jpeg,http://islandhouse.wales/wp-content/uploads/2020/04/17SW1220.jpeg,jpeg,2020-04,general,,
20NE0121.jpeg,http://islandhouse.wales/wp-content/uploads/2020/04/20NE0121.jpeg,jpeg,2020-04,general,,
20NE0721.jpeg,http://islandhouse.wales/wp-content/uploads/2020/04/20NE0721.jpeg,jpeg,2020-04,general,,
20SW0121.jpeg,http://islandhouse.wales/wp-content/uploads/2020/04/20SW0121.jpeg,jpeg,2020-04,general,,
20SW0721.jpeg,http://islandhouse.wales/wp-content/uploads/2020/04/20SW0721.jpeg,jpeg,2020-04,general,,
264210936_10159609968798629_5589075425275281351_n.jpg,http://islandhouse.wales/wp-content/uploads/2022/02/264210936_10159609968798629_5589075425275281351_n.jpg,jpg,2022-02,general,,
2SW0721.jpeg,http://islandhouse.wales/wp-content/uploads/2020/04/2SW0721.jpeg,jpeg,2020-04,general,,
2SW1220.jpeg,http://islandhouse.wales/wp-content/uploads/2020/04/2SW1220.jpeg,jpeg,2020-04,general,,
31NS0121.jpeg,http://islandhouse.wales/wp-content/uploads/2020/04/31NS0121.jpeg,jpeg,2020-04,general,,
31NS0721.jpeg,http://islandhouse.wales/wp-content/uploads/2020/04/31NS0721.jpeg,jpeg,2020-04,general,,
35NE0121.jpeg,http://islandhouse.wales/wp-content/uploads/2020/04/35NE0121.jpeg,jpeg,2020-04,general,,
35NE0721.jpeg,http://islandhouse.wales/wp-content/uploads/2020/04/35NE0721.jpeg,jpeg,2020-04,general,,
35NNW121.jpeg,http://islandhouse.wales/wp-content/uploads/2020/04/35NNW121.jpeg,jpeg,2020-04,general,,
35NSE0721.jpeg,http://islandhouse.wales/wp-content/uploads/2020/04/35NSE0721.jpeg,jpeg,2020-04,general,,
35NSE121.jpeg,http://islandhouse.wales/wp-content/uploads/2020/04/35NSE121.jpeg,jpeg,2020-04,general,,
35NSW121.jpeg,http://islandhouse.wales/wp-content/uploads/2020/04/35NSW121.jpeg,jpeg,2020-04,general,,
35NW0721.jpeg,http://islandhouse.wales/wp-content/uploads/2020/04/35NW0721.jpeg,jpeg,2020-04,general,,
35SW0721.jpeg,http://islandhouse.wales/wp-content/uploads/2020/04/35SW0721.jpeg,jpeg,2020-04,general,,
4SE0721.jpeg,http://islandhouse.wales/wp-content/uploads/2020/04/4SE0721.jpeg,jpeg,2020-04,general,,
4SE1220.jpeg,http://islandhouse.wales/wp-content/uploads/2020/04/4SE1220.jpeg,jpeg,2020-04,general,,
555560283_122238784478079609_1587755834170295017_n.jpg,http://islandhouse.wales/wp-content/uploads/2025/10/555560283_122238784478079609_1587755834170295017_n.jpg,jpg,2025-10,general,,
6SE0721.jpeg,http://islandhouse.wales/wp-content/uploads/2020/04/6SE0721.jpeg,jpeg,2020-04,general,,
6SE1220.jpeg,http://islandhouse.wales/wp-content/uploads/2020/04/6SE1220.jpeg,jpeg,2020-04,general,,
CIVIL-WAR-FINAL.jpg,http://islandhouse.wales/wp-content/uploads/2022/02/CIVIL-WAR-FINAL.jpg,jpg,2022-02,general,,
CIVIL-WAR-FINAL.pdf_1.jpg,http://islandhouse.wales/wp-content/uploads/2022/02/CIVIL-WAR-FINAL.pdf_1.jpg,jpg,2022-02,general,,
CIVIL-WAR.jpg,http://islandhouse.wales/wp-content/uploads/2022/02/CIVIL-WAR.jpg,jpg,2022-02,general,,
Caroline-Gordon-Lennox-Fyfe-scaled.jpg,http://islandhouse.wales/wp-content/uploads/2022/07/Caroline-Gordon-Lennox-Fyfe-scaled.jpg,jpg,2022-07,general,,
CongreveSchneiderPROBATE.jpg,http://islandhouse.wales/wp-content/uploads/2021/02/CongreveSchneiderPROBATE.jpg,jpg,2021-02,general,,
DESIGN-DEVELOPMENT.pdf_1.jpg,http://islandhouse.wales/wp-content/uploads/2022/02/DESIGN-DEVELOPMENT.pdf_1.jpg,jpg,2022-02,general,,
DSCF1305-2048x850-1.jpg,http://islandhouse.wales/wp-content/uploads/2021/02/DSCF1305-2048x850-1.jpg,jpg,2021-02,general,,
ENVIRONMETAL-RECONSTRUCTION.pdf_1.jpg,http://islandhouse.wales/wp-content/uploads/2022/02/ENVIRONMETAL-RECONSTRUCTION.pdf_1.jpg,jpg,2022-02,general,,
GROUND-INVESTIGATION-FINAL.pdf_1.jpg,http://islandhouse.wales/wp-content/uploads/2022/02/GROUND-INVESTIGATION-FINAL.pdf_1.jpg,jpg,2022-02,general,,
HISTORY-OF-ISLAND-HOUSE-1.pdf_1.jpg,http://islandhouse.wales/wp-content/uploads/2022/02/HISTORY-OF-ISLAND-HOUSE-1.pdf_1.jpg,jpg,2022-02,general,,
HISTORY-OF-ISLAND-HOUSE-2.pdf_1.jpg,http://islandhouse.wales/wp-content/uploads/2022/02/HISTORY-OF-ISLAND-HOUSE-2.pdf_1.jpg,jpg,2022-02,general,,
IH-1948-2048x1738-1.png,http://islandhouse.wales/wp-content/uploads/2021/02/IH-1948-2048x1738-1.png,png,2021-02,general,,
IH-After.png,http://islandhouse.wales/wp-content/uploads/2020/06/IH-After.png,png,2020-06,general,,
IH-Before.png,http://islandhouse.wales/wp-content/uploads/2020/06/IH-Before.png,png,2020-06,general,,
IH-scaled.jpg,http://islandhouse.wales/wp-content/uploads/2021/06/IH-scaled.jpg,jpg,2021-06,general,,
IMG_1445-2048x1319-1.jpg,http://islandhouse.wales/wp-content/uploads/2021/02/IMG_1445-2048x1319-1.jpg,jpg,2021-02,general,,
IMG_4131-scaled.jpg,http://islandhouse.wales/wp-content/uploads/2023/01/IMG_4131-scaled.jpg,jpg,2023-01,general,,
IMG_4131.heic,http://islandhouse.wales/wp-content/uploads/2023/01/IMG_4131.heic,heic,2023-01,general,,
IMG_6195-scaled.jpeg,http://islandhouse.wales/wp-content/uploads/2023/07/IMG_6195-scaled.jpeg,jpeg,2023-07,general,,
IMG_6197-scaled.jpeg,http://islandhouse.wales/wp-content/uploads/2023/07/IMG_6197-scaled.jpeg,jpeg,2023-07,general,,
IMG_6199-scaled.jpeg,http://islandhouse.wales/wp-content/uploads/2023/07/IMG_6199-scaled.jpeg,jpeg,2023-07,general,,
IMG_6204-scaled.jpeg,http://islandhouse.wales/wp-content/uploads/2023/07/IMG_6204-scaled.jpeg,jpeg,2023-07,general,,
IMG_6207-scaled.jpeg,http://islandhouse.wales/wp-content/uploads/2023/07/IMG_6207-scaled.jpeg,jpeg,2023-07,general,,
IMG_6210-scaled.jpeg,http://islandhouse.wales/wp-content/uploads/2023/07/IMG_6210-scaled.jpeg,jpeg,2023-07,general,,
IMG_7214-scaled.jpeg,http://islandhouse.wales/wp-content/uploads/2023/07/IMG_7214-scaled.jpeg,jpeg,2023-07,general,,
IMG_7216-scaled.jpeg,http://islandhouse.wales/wp-content/uploads/2023/07/IMG_7216-scaled.jpeg,jpeg,2023-07,general,,
IMG_7217-scaled.jpeg,http://islandhouse.wales/wp-content/uploads/2023/07/IMG_7217-scaled.jpeg,jpeg,2023-07,general,,
IMG_7219-scaled.jpeg,http://islandhouse.wales/wp-content/uploads/2023/07/IMG_7219-scaled.jpeg,jpeg,2023-07,general,,
IMG_7221-scaled.jpeg,http://islandhouse.wales/wp-content/uploads/2023/07/IMG_7221-scaled.jpeg,jpeg,2023-07,general,,
Inside-Island-House.jpg,http://islandhouse.wales/wp-content/uploads/2022/07/Inside-Island-House.jpg,jpg,2022-07,general,,
Island-House-1911.jpg,http://islandhouse.wales/wp-content/uploads/2021/02/Island-House-1911.jpg,jpg,2021-02,general,,
Island-House-Page-4-Then.jpg,http://islandhouse.wales/wp-content/uploads/2021/02/Island-House-Page-4-Then.jpg,jpg,2021-02,general,,
Lady.jpg,http://islandhouse.wales/wp-content/uploads/2022/07/Lady.jpg,jpg,2022-07,general,,
News-Letter-Photo-07-10-2020-at-14.15.jpg,http://islandhouse.wales/wp-content/uploads/2020/10/News-Letter-Photo-07-10-2020-at-14.15.jpg,jpg,2020-10,general,,
News-Letter-Photo-12-10-20-YUN_0033.jpg,http://islandhouse.wales/wp-content/uploads/2020/10/News-Letter-Photo-12-10-20-YUN_0033.jpg,jpg,2020-10,general,,
PEOPLE-AND-HISTORY-PAGE-1-1-scaled.jpg,http://islandhouse.wales/wp-content/uploads/2022/02/PEOPLE-AND-HISTORY-PAGE-1-1-scaled.jpg,jpg,2022-02,general,,
PEOPLE-AND-HISTORY-PAGE-1-scaled.jpg,http://islandhouse.wales/wp-content/uploads/2022/02/PEOPLE-AND-HISTORY-PAGE-1-scaled.jpg,jpg,2022-02,general,,
PEOPLE-AND-HISTORY-PAGE-1.pdf_1.jpg,http://islandhouse.wales/wp-content/uploads/2022/02/PEOPLE-AND-HISTORY-PAGE-1.pdf_1.jpg,jpg,2022-02,general,,
PEOPLE-AND-HISTORY-PAGE-2-1-scaled.jpg,http://islandhouse.wales/wp-content/uploads/2022/02/PEOPLE-AND-HISTORY-PAGE-2-1-scaled.jpg,jpg,2022-02,general,,
PEOPLE-AND-HISTORY-PAGE-2-scaled.jpg,http://islandhouse.wales/wp-content/uploads/2022/02/PEOPLE-AND-HISTORY-PAGE-2-scaled.jpg,jpg,2022-02,general,,
PEOPLE-AND-HISTORY-PAGE-2.pdf_1.jpg,http://islandhouse.wales/wp-content/uploads/2022/02/PEOPLE-AND-HISTORY-PAGE-2.pdf_1.jpg,jpg,2022-02,general,,
PRE-PURCHASE-FINAL.pdf_1.jpg,http://islandhouse.wales/wp-content/uploads/2022/02/PRE-PURCHASE-FINAL.pdf_1.jpg,jpg,2022-02,general,,
Percy-1-Back-scaled.jpg,http://islandhouse.wales/wp-content/uploads/2022/07/Percy-1-Back-scaled.jpg,jpg,2022-07,general,,
Percy-1-Front-scaled.jpg,http://islandhouse.wales/wp-content/uploads/2022/07/Percy-1-Front-scaled.jpg,jpg,2022-07,general,,
Percy-2-Back.jpg,http://islandhouse.wales/wp-content/uploads/2022/07/Percy-2-Back.jpg,jpg,2022-07,general,,
Percy-2-Front.jpg,http://islandhouse.wales/wp-content/uploads/2022/07/Percy-2-Front.jpg,jpg,2022-07,general,,
Percy-And-Carolines-Children.jpg,http://islandhouse.wales/wp-content/uploads/2022/07/Percy-And-Carolines-Children.jpg,jpg,2022-07,general,,
Screenshot-2020-04-20-at-14.52.36.png,http://islandhouse.wales/wp-content/uploads/2021/02/Screenshot-2020-04-20-at-14.52.36.png,png,2021-02,general,,
Screenshot-2020-06-29-at-11.28.23.jpg,http://islandhouse.wales/wp-content/uploads/2021/02/Screenshot-2020-06-29-at-11.28.23.jpg,jpg,2021-02,general,,
Screenshot-2020-06-29-at-11.33.jpg,http://islandhouse.wales/wp-content/uploads/2021/02/Screenshot-2020-06-29-at-11.33.jpg,jpg,2021-02,general,,
Screenshot-2020-06-29-at-11.34.jpg,http://islandhouse.wales/wp-content/uploads/2021/02/Screenshot-2020-06-29-at-11.34.jpg,jpg,2021-02,general,,
Screenshot-2020-06-29-at-11.36.53.png,http://islandhouse.wales/wp-content/uploads/2021/02/Screenshot-2020-06-29-at-11.36.53.png,png,2021-02,general,,
Screenshot-2020-06-29-at-11.40.41.png,http://islandhouse.wales/wp-content/uploads/2021/02/Screenshot-2020-06-29-at-11.40.41.png,png,2021-02,general,,
Screenshot-2020-06-29-at-12.16.14.png,http://islandhouse.wales/wp-content/uploads/2021/02/Screenshot-2020-06-29-at-12.16.14.png,png,2021-02,general,,
Screenshot-2020-06-29-at-13.02.09-2048x1543-1.png,http://islandhouse.wales/wp-content/uploads/2021/02/Screenshot-2020-06-29-at-13.02.09-2048x1543-1.png,png,2021-02,general,,
Screenshot-2020-06-29-at-14.02.44-2048x398-1.png,http://islandhouse.wales/wp-content/uploads/2021/02/Screenshot-2020-06-29-at-14.02.44-2048x398-1.png,png,2021-02,general,,
Screenshot-2020-06-29-at-14.04.46-2048x1723-1.png,http://islandhouse.wales/wp-content/uploads/2021/02/Screenshot-2020-06-29-at-14.04.46-2048x1723-1.png,png,2021-02,general,,
Screenshot-2020-06-29-at-14.36.07-2048x507-1.png,http://islandhouse.wales/wp-content/uploads/2021/02/Screenshot-2020-06-29-at-14.36.07-2048x507-1.png,png,2021-02,general,,
Screenshot-2020-06-29-at-14.39.57-2048x422-1.png,http://islandhouse.wales/wp-content/uploads/2021/02/Screenshot-2020-06-29-at-14.39.57-2048x422-1.png,png,2021-02,general,,
Screenshot-2020-06-29-at-14.46.10-2048x484-1.png,http://islandhouse.wales/wp-content/uploads/2021/02/Screenshot-2020-06-29-at-14.46.10-2048x484-1.png,png,2021-02,general,,
Screenshot-2020-07-02-at-16.52.18.png,http://islandhouse.wales/wp-content/uploads/2021/02/Screenshot-2020-07-02-at-16.52.18.png,png,2021-02,general,,
Screenshot-2020-12-10-at-13.15.37.png,http://islandhouse.wales/wp-content/uploads/2021/02/Screenshot-2020-12-10-at-13.15.37.png,png,2021-02,general,,
Screenshot-2021-02-17-at-08.59.24.png,http://islandhouse.wales/wp-content/uploads/2021/02/Screenshot-2021-02-17-at-08.59.24.png,png,2021-02,general,,
Screenshot-2021-02-17-at-09.11.35.png,http://islandhouse.wales/wp-content/uploads/2021/01/Screenshot-2021-02-17-at-09.11.35.png,png,2021-01,general,,
Screenshot-2021-02-17-at-10.04.02.png,http://islandhouse.wales/wp-content/uploads/2021/02/Screenshot-2021-02-17-at-10.04.02.png,png,2021-02,general,,
Screenshot-2021-02-17-at-10.04.02.png,http://islandhouse.wales/wp-content/uploads/2020/09/Screenshot-2021-02-17-at-10.04.02.png,png,2020-09,general,,
Screenshot-2021-02-17-at-16.39.25.png,http://islandhouse.wales/wp-content/uploads/2020/09/Screenshot-2021-02-17-at-16.39.25.png,png,2020-09,general,,
Screenshot-2021-02-18-at-09.08.53.png,http://islandhouse.wales/wp-content/uploads/2021/02/Screenshot-2021-02-18-at-09.08.53.png,png,2021-02,general,,
Screenshot-2022-02-10-at-13.04.08.png,http://islandhouse.wales/wp-content/uploads/2022/02/Screenshot-2022-02-10-at-13.04.08.png,png,2022-02,general,,
Screenshot-2022-05-05-at-13.14.39.png,http://islandhouse.wales/wp-content/uploads/2022/05/Screenshot-2022-05-05-at-13.14.39.png,png,2022-05,general,,
Screenshot-2022-11-22-at-13.27.26.png,http://islandhouse.wales/wp-content/uploads/2022/11/Screenshot-2022-11-22-at-13.27.26.png,png,2022-11,general,,
T1_Phase_1_12th-13th-century-scaled.jpg,http://islandhouse.wales/wp-content/uploads/2021/01/T1_Phase_1_12th-13th-century-scaled.jpg,jpg,2021-01,general,,
T1_Phase_2_12th_13th_century-scaled.jpg,http://islandhouse.wales/wp-content/uploads/2021/01/T1_Phase_2_12th_13th_century-scaled.jpg,jpg,2021-01,general,,
T1_Phase_3_12th_13th_century-scaled.jpg,http://islandhouse.wales/wp-content/uploads/2021/01/T1_Phase_3_12th_13th_century-scaled.jpg,jpg,2021-01,general,,
T1_Phase_4_12th_13th_century-scaled.jpg,http://islandhouse.wales/wp-content/uploads/2021/01/T1_Phase_4_12th_13th_century-scaled.jpg,jpg,2021-01,general,,
T1_Phase_5_13th_14th_centruy-scaled.jpg,http://islandhouse.wales/wp-content/uploads/2021/01/T1_Phase_5_13th_14th_centruy-scaled.jpg,jpg,2021-01,general,,
T1_Phase_6_14th_15th_century-scaled.jpg,http://islandhouse.wales/wp-content/uploads/2021/01/T1_Phase_6_14th_15th_century-scaled.jpg,jpg,2021-01,general,,
T1_Phase_7_16th_century-scaled.jpg,http://islandhouse.wales/wp-content/uploads/2021/01/T1_Phase_7_16th_century-scaled.jpg,jpg,2021-01,general,,
T1_Phase_8_17th_century-scaled.jpg,http://islandhouse.wales/wp-content/uploads/2021/01/T1_Phase_8_17th_century-scaled.jpg,jpg,2021-01,general,,
T2_Phase_1_12th_13th_century-scaled.jpg,http://islandhouse.wales/wp-content/uploads/2021/01/T2_Phase_1_12th_13th_century-scaled.jpg,jpg,2021-01,general,,
T2_Phase_2_13th_15th_century-scaled.jpg,http://islandhouse.wales/wp-content/uploads/2021/01/T2_Phase_2_13th_15th_century-scaled.jpg,jpg,2021-01,general,,
T2_Phase_3_17th_century-scaled.jpg,http://islandhouse.wales/wp-content/uploads/2021/01/T2_Phase_3_17th_century-scaled.jpg,jpg,2021-01,general,,
T2_Phase_4_17th_18th_century-scaled.jpg,http://islandhouse.wales/wp-content/uploads/2021/01/T2_Phase_4_17th_18th_century-scaled.jpg,jpg,2021-01,general,,
T2_Phase_5_mid18th_century-scaled.jpg,http://islandhouse.wales/wp-content/uploads/2021/01/T2_Phase_5_mid18th_century-scaled.jpg,jpg,2021-01,general,,
T2_Phase_6_18th_19th_century-scaled.jpg,http://islandhouse.wales/wp-content/uploads/2021/01/T2_Phase_6_18th_19th_century-scaled.jpg,jpg,2021-01,general,,
THE-TEAM-1.jpg,http://islandhouse.wales/wp-content/uploads/2022/02/THE-TEAM-1.jpg,jpg,2022-02,general,,
THE-TEAM.jpg,http://islandhouse.wales/wp-content/uploads/2022/02/THE-TEAM.jpg,jpg,2022-02,general,,
THE-TEAM.pdf_1.jpg,http://islandhouse.wales/wp-content/uploads/2022/02/THE-TEAM.pdf_1.jpg,jpg,2022-02,general,,
Untitled-design-2024-02-25T173333.656.png,http://islandhouse.wales/wp-content/uploads/2024/02/Untitled-design-2024-02-25T173333.656.png,png,2024-02,general,,
White-Lady.jpg,http://islandhouse.wales/wp-content/uploads/2022/07/White-Lady.jpg,jpg,2022-07,general,,
tempImagefHsvxz-scaled.jpg,http://islandhouse.wales/wp-content/uploads/2020/10/tempImagefHsvxz-scaled.jpg,jpg,2020-10,general,,
Casework-SPAB-Island-House-Credit-Stuart-Logan.jpg,http://islandhouse.wales/wp-content/uploads/2020/03/Casework-SPAB-Island-House-Credit-Stuart-Logan.jpg,jpg,2020-03,historic/plan,,
Casework-SPAB-Island-House-Credit-Stuart-Logan.jpg,http://islandhouse.wales/wp-content/uploads/2021/02/Casework-SPAB-Island-House-Credit-Stuart-Logan.jpg,jpg,2021-02,historic/plan,,
Island-House-Sketch-By-Mary-Curtis.jpg,http://islandhouse.wales/wp-content/uploads/2020/03/Island-House-Sketch-By-Mary-Curtis.jpg,jpg,2020-03,historic/plan,,
Plan.jpg,http://islandhouse.wales/wp-content/uploads/2020/03/Plan.jpg,jpg,2020-03,historic/plan,,
ARCHAEOLOGY-1-scaled.jpg,http://islandhouse.wales/wp-content/uploads/2022/02/ARCHAEOLOGY-1-scaled.jpg,jpg,2022-02,progress,,
ARCHAEOLOGY.jpg,http://islandhouse.wales/wp-content/uploads/2022/02/ARCHAEOLOGY.jpg,jpg,2022-02,progress,,
ARCHAEOLOGY.pdf_1.jpg,http://islandhouse.wales/wp-content/uploads/2022/02/ARCHAEOLOGY.pdf_1.jpg,jpg,2022-02,progress,,
CLEARANCE-FINAL.pdf_1.jpg,http://islandhouse.wales/wp-content/uploads/2022/02/CLEARANCE-FINAL.pdf_1.jpg,jpg,2022-02,progress,,
COMMENCING-REPAIR-WORKS.pdf_1.jpg,http://islandhouse.wales/wp-content/uploads/2022/02/COMMENCING-REPAIR-WORKS.pdf_1.jpg,jpg,2022-02,progress,,
CONDITION-ON-PURCHASE-FINAL.pdf_1.jpg,http://islandhouse.wales/wp-content/uploads/2022/02/CONDITION-ON-PURCHASE-FINAL.pdf_1.jpg,jpg,2022-02,progress,,
IH-22nd-Oct-2020-Chimney-waiting-repair--scaled.jpg,http://islandhouse.wales/wp-content/uploads/2020/11/IH-22nd-Oct-2020-Chimney-waiting-repair--scaled.jpg,jpg,2020-11,progress,,
IH-3rd-Nov-2020-New-oak-beams--scaled.jpg,http://islandhouse.wales/wp-content/uploads/2020/11/IH-3rd-Nov-2020-New-oak-beams--scaled.jpg,jpg,2020-11,progress,,
IH-3rd-Nov-2020-Roof-chimney-and-spine-wall-repairs-scaled.jpg,http://islandhouse.wales/wp-content/uploads/2020/11/IH-3rd-Nov-2020-Roof-chimney-and-spine-wall-repairs-scaled.jpg,jpg,2020-11,progress,,
IH-3rd-Nov-2020-Scaffolding-for-Chimney-repair-scaled.jpg,http://islandhouse.wales/wp-content/uploads/2020/11/IH-3rd-Nov-2020-Scaffolding-for-Chimney-repair-scaled.jpg,jpg,2020-11,progress,,
IH-3rdNov-2020-New-oak-beams-first-floor-scaled.jpg,http://islandhouse.wales/wp-content/uploads/2020/11/IH-3rdNov-2020-New-oak-beams-first-floor-scaled.jpg,jpg,2020-11,progress,,
REPAIR-WORKS-01.pdf_1.jpg,http://islandhouse.wales/wp-content/uploads/2022/02/REPAIR-WORKS-01.pdf_1.jpg,jpg,2022-02,progress,,
REPAIR-WORKS-02.pdf_1.jpg,http://islandhouse.wales/wp-content/uploads/2022/02/REPAIR-WORKS-02.pdf_1.jpg,jpg,2022-02,progress,,
REPAIR-WORKS-03.pdf_1.jpg,http://islandhouse.wales/wp-content/uploads/2022/02/REPAIR-WORKS-03.pdf_1.jpg,jpg,2022-02,progress,,
ARCHAEOLOGY.pdf,http://islandhouse.wales/wp-content/uploads/2022/02/ARCHAEOLOGY.pdf,pdf,2022-02,report/pdf,,
CIVIL-WAR-FINAL.pdf,http://islandhouse.wales/wp-content/uploads/2022/02/CIVIL-WAR-FINAL.pdf,pdf,2022-02,report/pdf,,
CIVIL-WAR.pdf,http://islandhouse.wales/wp-content/uploads/2022/02/CIVIL-WAR.pdf,pdf,2022-02,report/pdf,,
CLEARANCE-FINAL.pdf,http://islandhouse.wales/wp-content/uploads/2022/02/CLEARANCE-FINAL.pdf,pdf,2022-02,report/pdf,,
COMMENCING-REPAIR-WORKS.pdf,http://islandhouse.wales/wp-content/uploads/2022/02/COMMENCING-REPAIR-WORKS.pdf,pdf,2022-02,report/pdf,,
CONDITION-ON-PURCHASE-FINAL.pdf,http://islandhouse.wales/wp-content/uploads/2022/02/CONDITION-ON-PURCHASE-FINAL.pdf,pdf,2022-02,report/pdf,,
DESIGN-DEVELOPMENT.pdf,http://islandhouse.wales/wp-content/uploads/2022/02/DESIGN-DEVELOPMENT.pdf,pdf,2022-02,report/pdf,,
ENVIRONMETAL-RECONSTRUCTION.pdf,http://islandhouse.wales/wp-content/uploads/2022/02/ENVIRONMETAL-RECONSTRUCTION.pdf,pdf,2022-02,report/pdf,,
GROUND-INVESTIGATION-FINAL.pdf,http://islandhouse.wales/wp-content/uploads/2022/02/GROUND-INVESTIGATION-FINAL.pdf,pdf,2022-02,report/pdf,,
HISTORY-OF-ISLAND-HOUSE-1.pdf,http://islandhouse.wales/wp-content/uploads/2022/02/HISTORY-OF-ISLAND-HOUSE-1.pdf,pdf,2022-02,report/pdf,,
HISTORY-OF-ISLAND-HOUSE-2.pdf,http://islandhouse.wales/wp-content/uploads/2022/02/HISTORY-OF-ISLAND-HOUSE-2.pdf,pdf,2022-02,report/pdf,,
Index.pdf,http://islandhouse.wales/wp-content/uploads/2021/01/Index.pdf,pdf,2021-01,report/pdf,,
Island-House-Ceramic-Building-material-report..pdf,http://islandhouse.wales/wp-content/uploads/2021/01/Island-House-Ceramic-Building-material-report..pdf,pdf,2021-01,report/pdf,,
Island-House-Clay-Pipes-report.pdf,http://islandhouse.wales/wp-content/uploads/2021/01/Island-House-Clay-Pipes-report.pdf,pdf,2021-01,report/pdf,,
Island-House-Pottery-report.pdf,http://islandhouse.wales/wp-content/uploads/2021/01/Island-House-Pottery-report.pdf,pdf,2021-01,report/pdf,,
PEOPLE-AND-HISTORY-PAGE-1-1.pdf,http://islandhouse.wales/wp-content/uploads/2022/02/PEOPLE-AND-HISTORY-PAGE-1-1.pdf,pdf,2022-02,report/pdf,,
PEOPLE-AND-HISTORY-PAGE-1.pdf,http://islandhouse.wales/wp-content/uploads/2022/02/PEOPLE-AND-HISTORY-PAGE-1.pdf,pdf,2022-02,report/pdf,,
PEOPLE-AND-HISTORY-PAGE-2-1.pdf,http://islandhouse.wales/wp-content/uploads/2022/02/PEOPLE-AND-HISTORY-PAGE-2-1.pdf,pdf,2022-02,report/pdf,,
PEOPLE-AND-HISTORY-PAGE-2.pdf,http://islandhouse.wales/wp-content/uploads/2022/02/PEOPLE-AND-HISTORY-PAGE-2.pdf,pdf,2022-02,report/pdf,,
PRE-PURCHASE-FINAL.pdf,http://islandhouse.wales/wp-content/uploads/2022/02/PRE-PURCHASE-FINAL.pdf,pdf,2022-02,report/pdf,,
REPAIR-WORKS-01.pdf,http://islandhouse.wales/wp-content/uploads/2022/02/REPAIR-WORKS-01.pdf,pdf,2022-02,report/pdf,,
REPAIR-WORKS-02.pdf,http://islandhouse.wales/wp-content/uploads/2022/02/REPAIR-WORKS-02.pdf,pdf,2022-02,report/pdf,,
REPAIR-WORKS-03.pdf,http://islandhouse.wales/wp-content/uploads/2022/02/REPAIR-WORKS-03.pdf,pdf,2022-02,report/pdf,,
References-for-Island-House-pottery-report.pdf,http://islandhouse.wales/wp-content/uploads/2021/01/References-for-Island-House-pottery-report.pdf,pdf,2021-01,report/pdf,,
T1-Phase-1.pdf,http://islandhouse.wales/wp-content/uploads/2021/01/T1-Phase-1.pdf,pdf,2021-01,report/pdf,,
T1-Phase-2.pdf,http://islandhouse.wales/wp-content/uploads/2021/01/T1-Phase-2.pdf,pdf,2021-01,report/pdf,,
T1-Phase-3-Stepping-Stones.pdf,http://islandhouse.wales/wp-content/uploads/2021/01/T1-Phase-3-Stepping-Stones.pdf,pdf,2021-01,report/pdf,,
T1-Phase-4-Stony-Interior.pdf,http://islandhouse.wales/wp-content/uploads/2021/01/T1-Phase-4-Stony-Interior.pdf,pdf,2021-01,report/pdf,,
T1-Phase-5.pdf,http://islandhouse.wales/wp-content/uploads/2021/01/T1-Phase-5.pdf,pdf,2021-01,report/pdf,,
T1-Phase-6.pdf,http://islandhouse.wales/wp-content/uploads/2021/01/T1-Phase-6.pdf,pdf,2021-01,report/pdf,,
T1-Phase-7-Clay-Floor.pdf,http://islandhouse.wales/wp-content/uploads/2021/01/T1-Phase-7-Clay-Floor.pdf,pdf,2021-01,report/pdf,,
T1-Phase-8.pdf,http://islandhouse.wales/wp-content/uploads/2021/01/T1-Phase-8.pdf,pdf,2021-01,report/pdf,,
THE-PROPOSALS-ELEVATIONS.pdf,http://islandhouse.wales/wp-content/uploads/2022/02/THE-PROPOSALS-ELEVATIONS.pdf,pdf,2022-02,report/pdf,,
THE-PROPOSALS-FLOOR-PLANS-1.pdf,http://islandhouse.wales/wp-content/uploads/2022/02/THE-PROPOSALS-FLOOR-PLANS-1.pdf,pdf,2022-02,report/pdf,,
THE-PROPOSALS-FLOOR-PLANS-2.pdf,http://islandhouse.wales/wp-content/uploads/2022/02/THE-PROPOSALS-FLOOR-PLANS-2.pdf,pdf,2022-02,report/pdf,,
THE-PROPOSALS-SECTIONS.pdf,http://islandhouse.wales/wp-content/uploads/2022/02/THE-PROPOSALS-SECTIONS.pdf,pdf,2022-02,report/pdf,,
THE-TEAM-1.pdf,http://islandhouse.wales/wp-content/uploads/2022/02/THE-TEAM-1.pdf,pdf,2022-02,report/pdf,,
THE-TEAM.pdf,http://islandhouse.wales/wp-content/uploads/2022/02/THE-TEAM.pdf,pdf,2022-02,report/pdf,,
Trench-1-table-of-fabrics.pdf,http://islandhouse.wales/wp-content/uploads/2021/01/Trench-1-table-of-fabrics.pdf,pdf,2021-01,report/pdf,,
Trench-2-table-of-fabrics.pdf,http://islandhouse.wales/wp-content/uploads/2021/01/Trench-2-table-of-fabrics.pdf,pdf,2021-01,report/pdf,,
Trenches-1-2-fabric-totals.pdf,http://islandhouse.wales/wp-content/uploads/2021/01/Trenches-1-2-fabric-totals.pdf,pdf,2021-01,report/pdf,,
VISUAL-01.pdf,http://islandhouse.wales/wp-content/uploads/2022/02/VISUAL-01.pdf,pdf,2022-02,report/pdf,,
VISUAL-02.pdf,http://islandhouse.wales/wp-content/uploads/2022/02/VISUAL-02.pdf,pdf,2022-02,report/pdf,,
VISUAL-03.pdf,http://islandhouse.wales/wp-content/uploads/2022/02/VISUAL-03.pdf,pdf,2022-02,report/pdf,,
